"";"year";"tour";"dpt";"circo";"inscrits";"abstentions";"votants";"blancs";"nuls";"exprimes"
"1";2017;2;"01";1;82673;46945;35728;2245;805;32678
"2";2017;2;"01";2;93507;54341;39166;2424;867;35875
"3";2017;2;"01";3;75548;46438;29110;1815;539;26756
"4";2017;2;"01";4;89382;51079;38303;2670;697;34936
"5";2017;2;"01";5;75289;43569;31720;2050;749;28921
"6";2017;2;"02";1;72347;39583;32764;2262;824;29678
"7";2017;2;"02";2;73976;42321;31655;1672;709;29274
"8";2017;2;"02";3;68085;36747;31338;1606;687;29045
"9";2017;2;"02";4;79114;47083;32031;2192;952;28887
"10";2017;2;"02";5;82224;45241;36983;2253;817;33913
"11";2017;2;"03";1;89693;45476;44217;2522;1356;40339
"12";2017;2;"03";2;84575;45349;39226;3711;2092;33423
"13";2017;2;"03";3;79155;43153;36002;2927;1450;31625
"14";2017;2;"04";1;61138;33103;28035;2531;962;24542
"15";2017;2;"04";2;65327;35440;29887;2174;1057;26656
"16";2017;2;"05";1;57743;32609;25134;2966;1189;20979
"17";2017;2;"05";2;52159;27811;24348;1875;727;21746
"18";2017;2;"06";1;80469;43183;37286;1324;581;35381
"19";2017;2;"06";2;85498;49131;36367;2720;696;32951
"20";2017;2;"06";3;89137;53760;35377;2119;776;32482
"21";2017;2;"06";4;85586;50216;35370;2040;1009;32321
"22";2017;2;"06";5;87900;53093;34807;2106;965;31736
"23";2017;2;"06";6;77999;45822;32177;2159;287;29731
"24";2017;2;"06";7;92854;51131;41723;2088;482;39153
"25";2017;2;"06";8;81987;48942;33045;2022;559;30464
"26";2017;2;"06";9;79936;45245;34691;1767;447;32477
"27";2017;2;"07";1;77920;43767;34153;3215;1651;29287
"28";2017;2;"07";2;93064;49718;43346;2839;1196;39311
"29";2017;2;"07";3;78251;41487;36764;4133;1729;30902
"30";2017;2;"08";1;73371;42990;30381;1787;879;27715
"31";2017;2;"08";2;63880;39385;24495;1724;870;21901
"32";2017;2;"08";3;57036;31503;25533;1312;563;23658
"33";2017;2;"09";1;56731;28118;28613;2041;1163;25409
"34";2017;2;"09";2;60672;32091;28581;2242;1469;24870
"35";2017;2;"099";1;200179;174022;26157;1158;354;24645
"36";2017;2;"099";10;99956;81704;18252;686;167;17399
"37";2017;2;"099";11;92761;71741;21020;717;230;20073
"38";2017;2;"099";2;75022;65665;9357;261;77;9019
"39";2017;2;"099";3;120692;99523;21169;426;127;20616
"40";2017;2;"099";4;122756;97262;25494;710;182;24602
"41";2017;2;"099";5;91291;78931;12360;417;120;11823
"42";2017;2;"099";6;127470;103525;23945;521;126;23298
"43";2017;2;"099";7;105946;82499;23447;774;248;22425
"44";2017;2;"099";8;121386;107185;14201;288;90;13823
"45";2017;2;"099";9;107778;95144;12634;1141;360;11133
"46";2017;2;"10";1;64360;31869;32491;1073;319;31099
"47";2017;2;"10";2;73880;40455;33425;2560;1024;29841
"48";2017;2;"10";3;65653;38159;27494;2066;1003;24425
"49";2017;2;"11";1;95134;50034;45100;3895;1793;39412
"50";2017;2;"11";2;88898;50698;38200;3459;1586;33155
"51";2017;2;"11";3;88637;44542;44095;4751;2421;36923
"52";2017;2;"12";1;76397;37609;38788;2623;1185;34980
"53";2017;2;"12";2;69769;46063;23706;5910;1783;16013
"54";2017;2;"12";3;71800;32453;39347;2668;1296;35383
"55";2017;2;"13";1;78414;49459;28955;1958;627;26370
"56";2017;2;"13";10;106109;62845;43264;2895;942;39427
"57";2017;2;"13";11;89268;54654;34614;2695;901;31018
"58";2017;2;"13";12;92158;58386;33772;2747;668;30357
"59";2017;2;"13";13;93817;55114;38703;2734;1354;34615
"60";2017;2;"13";14;96420;56301;40119;3187;1235;35697
"61";2017;2;"13";15;104899;57228;47671;3106;1648;42917
"62";2017;2;"13";16;90614;51158;39456;2412;1198;35846
"63";2017;2;"13";2;78714;45523;33191;2006;646;30539
"64";2017;2;"13";3;73497;47413;26084;1219;398;24467
"65";2017;2;"13";4;59685;38331;21354;1061;389;19904
"66";2017;2;"13";5;69055;42155;26900;1889;638;24373
"67";2017;2;"13";6;75652;46594;29058;1864;483;26711
"68";2017;2;"13";7;65444;47353;18091;967;310;16814
"69";2017;2;"13";8;100092;58243;41849;2623;971;38255
"70";2017;2;"13";9;96957;57864;39093;2716;1169;35208
"71";2017;2;"14";1;70099;39435;30664;2895;1062;26707
"72";2017;2;"14";2;67591;37603;29988;1486;720;27782
"73";2017;2;"14";3;78925;45021;33904;2849;1487;29568
"74";2017;2;"14";4;101010;56355;44655;2688;1435;40532
"75";2017;2;"14";5;90002;48975;41027;2994;1236;36797
"76";2017;2;"14";6;93551;52835;40716;3579;1596;35541
"77";2017;2;"15";1;62969;29894;33075;1850;895;30330
"78";2017;2;"15";2;54290;26229;28061;1356;700;26005
"79";2017;2;"16";1;84935;49573;35362;1902;1165;32295
"80";2017;2;"16";2;83946;47814;36132;2960;1643;31529
"81";2017;2;"16";3;90886;48230;42656;3074;2294;37288
"82";2017;2;"17";1;103197;58384;44813;2173;962;41678
"83";2017;2;"17";2;104292;61073;43219;3634;1419;38166
"84";2017;2;"17";3;82186;47762;34424;3554;1771;29099
"85";2017;2;"17";4;89894;50175;39719;2969;1521;35229
"86";2017;2;"17";5;111434;63524;47910;3919;1816;42175
"87";2017;2;"18";1;72563;40835;31728;3446;889;27393
"88";2017;2;"18";2;70141;39698;30443;2203;912;27328
"89";2017;2;"18";3;86159;46892;39267;3103;1253;34911
"90";2017;2;"19";1;92643;43406;49237;4201;2908;42128
"91";2017;2;"19";2;92531;47674;44857;4337;2797;37723
"92";2017;2;"21";1;68463;36511;31952;2913;835;28204
"93";2017;2;"21";2;68771;38327;30444;2327;748;27369
"94";2017;2;"21";3;70441;40039;30402;2726;800;26876
"95";2017;2;"21";4;68705;35994;32711;3288;1319;28104
"96";2017;2;"21";5;84433;47455;36978;2846;991;33141
"97";2017;2;"22";1;89815;48151;41664;3034;1602;37028
"98";2017;2;"22";2;96776;49420;47356;3992;1550;41814
"99";2017;2;"22";3;86780;36794;49986;1872;862;47252
"100";2017;2;"22";4;78690;38822;39868;2581;1529;35758
"101";2017;2;"22";5;103752;53076;50676;4675;1977;44024
"102";2017;2;"23";1;92984;48274;44710;4878;2586;37246
"103";2017;2;"24";1;76013;39060;36953;2456;1566;32931
"104";2017;2;"24";2;82415;43474;38941;3711;1582;33648
"105";2017;2;"24";3;67406;29940;37466;2946;1821;32699
"106";2017;2;"24";4;87718;43479;44239;3236;1877;39126
"107";2017;2;"25";1;75240;43352;31888;2494;1082;28312
"108";2017;2;"25";2;78394;43335;35059;2448;979;31632
"109";2017;2;"25";3;65923;36906;29017;2477;1067;25473
"110";2017;2;"25";4;66862;38317;28545;1940;904;25701
"111";2017;2;"25";5;81964;42612;39352;1953;913;36486
"112";2017;2;"26";1;75255;44840;30415;2609;1004;26802
"113";2017;2;"26";2;93264;53872;39392;2946;1067;35379
"114";2017;2;"26";3;106713;56453;50260;5489;1747;43024
"115";2017;2;"26";4;94249;53817;40432;3403;1393;35636
"116";2017;2;"27";1;86406;49892;36514;2511;844;33159
"117";2017;2;"27";2;78471;43268;35203;2745;749;31709
"118";2017;2;"27";3;84388;45650;38738;2792;883;35063
"119";2017;2;"27";4;89940;51393;38547;3225;1024;34298
"120";2017;2;"27";5;88484;50673;37811;3131;1092;33588
"121";2017;2;"28";1;89131;50398;38733;3096;976;34661
"122";2017;2;"28";2;74320;44548;29772;1726;591;27455
"123";2017;2;"28";3;70743;38883;31860;2000;863;28997
"124";2017;2;"28";4;67208;35490;31718;1636;692;29390
"125";2017;2;"29";1;88866;46636;42230;2639;1164;38427
"126";2017;2;"29";2;77724;43464;34260;2851;125;31284
"127";2017;2;"29";3;89311;48586;40725;2777;722;37226
"128";2017;2;"29";4;82153;41089;41064;3505;1118;36441
"129";2017;2;"29";5;94491;51161;43330;3380;1063;38887
"130";2017;2;"29";6;89269;46204;43065;4327;1607;37131
"131";2017;2;"29";7;80365;42362;38003;3807;1452;32744
"132";2017;2;"29";8;87201;47281;39920;3024;1460;35436
"133";2017;2;"2a";1;50873;30136;20737;1058;787;18892
"134";2017;2;"2a";2;57877;26011;31866;1105;633;30128
"135";2017;2;"2b";1;58772;29842;28930;1315;846;26769
"136";2017;2;"2b";2;65966;30115;35851;1404;720;33727
"137";2017;2;"30";1;86941;51929;35012;2256;921;31835
"138";2017;2;"30";2;89016;46101;42915;2322;1048;39545
"139";2017;2;"30";3;93543;52475;41068;2917;1031;37120
"140";2017;2;"30";4;91103;51873;39230;3577;1251;34402
"141";2017;2;"30";5;95845;53396;42449;4326;1518;36605
"142";2017;2;"30";6;81176;48253;32923;2325;972;29626
"143";2017;2;"31";1;82095;46799;35296;2277;1260;31759
"144";2017;2;"31";10;95358;45564;49794;3621;1613;44560
"145";2017;2;"31";2;100474;55866;44608;2691;1223;40694
"146";2017;2;"31";3;78104;42242;35862;3975;1204;30683
"147";2017;2;"31";4;69348;40870;28478;1552;619;26307
"148";2017;2;"31";5;98384;54889;43495;3529;1371;38595
"149";2017;2;"31";6;111355;59621;51734;3449;1868;46417
"150";2017;2;"31";7;99767;55281;44486;3851;1542;39093
"151";2017;2;"31";8;85426;45094;40332;3671;2212;34449
"152";2017;2;"31";9;79397;44968;34429;2021;959;31449
"153";2017;2;"32";1;73503;35926;37577;3579;1706;32292
"154";2017;2;"32";2;71502;35579;35923;3289;1661;30973
"155";2017;2;"33";1;94988;56496;38492;2855;992;34645
"156";2017;2;"33";10;80799;44708;36091;2624;1400;32067
"157";2017;2;"33";11;92940;52141;40799;2584;1239;36976
"158";2017;2;"33";12;83342;44777;38565;2523;1354;34688
"159";2017;2;"33";2;65995;40852;25143;2576;818;21749
"160";2017;2;"33";3;81024;46333;34691;1592;734;32365
"161";2017;2;"33";4;93631;58657;34974;3003;1429;30542
"162";2017;2;"33";5;110514;63806;46708;3273;1792;41643
"163";2017;2;"33";6;103728;59292;44436;2882;1274;40280
"164";2017;2;"33";7;76934;42808;34126;2109;952;31065
"165";2017;2;"33";8;109060;59820;49240;3145;1385;44710
"166";2017;2;"33";9;93598;53825;39773;4031;2009;33733
"167";2017;2;"34";1;84644;50651;33993;2886;849;30258
"168";2017;2;"34";2;60438;37731;22707;1480;550;20677
"169";2017;2;"34";3;85109;47407;37702;3017;1248;33437
"170";2017;2;"34";4;111989;65681;46308;4592;1513;40203
"171";2017;2;"34";5;94240;52377;41863;4126;1461;36276
"172";2017;2;"34";6;91267;49681;41586;2154;842;38590
"173";2017;2;"34";7;102087;58446;43641;3158;1446;39037
"174";2017;2;"34";8;88548;52962;35586;3081;1068;31437
"175";2017;2;"34";9;82125;48826;33299;2446;960;29893
"176";2017;2;"35";1;89688;51664;38024;4085;1074;32865
"177";2017;2;"35";2;92294;50380;41914;4478;1271;36165
"178";2017;2;"35";3;86153;49138;37015;2990;1088;32937
"179";2017;2;"35";4;90383;50699;39684;2020;956;36708
"180";2017;2;"35";5;103298;55573;47725;2620;932;44173
"181";2017;2;"35";6;86948;44530;42418;2372;1024;39022
"182";2017;2;"35";7;99142;49582;49560;2312;934;46314
"183";2017;2;"35";8;83469;44484;38985;1991;722;36272
"184";2017;2;"36";1;80545;44578;35967;3101;1194;31672
"185";2017;2;"36";2;90052;46554;43498;4360;1958;37180
"186";2017;2;"37";1;68633;40769;27864;1990;753;25121
"187";2017;2;"37";2;88627;48795;39832;3260;1059;35513
"188";2017;2;"37";3;97488;53006;44482;3830;1436;39216
"189";2017;2;"37";4;90130;50529;39601;3873;1406;34322
"190";2017;2;"37";5;83880;47359;36521;3192;1106;32223
"191";2017;2;"38";1;83180;45163;38017;3225;702;34090
"192";2017;2;"38";10;93761;56982;36779;2622;785;33372
"193";2017;2;"38";2;77428;47273;30155;2577;678;26900
"194";2017;2;"38";3;59776;35882;23894;1181;467;22246
"195";2017;2;"38";4;89757;51523;38234;2401;1108;34725
"196";2017;2;"38";5;102304;60816;41488;4052;1254;36182
"197";2017;2;"38";6;83266;47480;35786;1702;578;33506
"198";2017;2;"38";7;91447;52877;38570;3359;1039;34172
"199";2017;2;"38";8;78571;45894;32677;2333;766;29578
"200";2017;2;"38";9;97178;57758;39420;4263;1059;34098
"201";2017;2;"39";1;65422;34587;30835;2944;1115;26776
"202";2017;2;"39";2;55226;30061;25165;1710;607;22848
"203";2017;2;"39";3;69497;35557;33940;2436;1165;30339
"204";2017;2;"40";1;101388;54469;46919;4064;1702;41153
"205";2017;2;"40";2;112273;59976;52297;3454;1690;47153
"206";2017;2;"40";3;96511;45144;51367;3340;1798;46229
"207";2017;2;"41";1;82752;45454;37298;3092;1071;33135
"208";2017;2;"41";2;80340;41306;39034;2581;1021;35432
"209";2017;2;"41";3;82183;40900;41283;2458;953;37872
"210";2017;2;"42";1;65645;40608;25037;1423;549;23065
"211";2017;2;"42";2;53194;33376;19818;1239;438;18141
"212";2017;2;"42";3;82496;50109;32387;2637;676;29074
"213";2017;2;"42";4;101108;58678;42430;3306;1145;37979
"214";2017;2;"42";5;101144;56318;44826;3487;1331;40008
"215";2017;2;"42";6;107615;62701;44914;3079;1295;40540
"216";2017;2;"43";1;97790;49133;48657;2217;963;45477
"217";2017;2;"43";2;79462;40923;38539;2507;1120;34912
"218";2017;2;"44";1;74936;42598;32338;3284;636;28418
"219";2017;2;"44";10;114729;65119;49610;3615;1295;44700
"220";2017;2;"44";2;85838;46868;38970;2392;666;35912
"221";2017;2;"44";3;92169;52103;40066;2611;577;36878
"222";2017;2;"44";4;89004;48774;40230;2211;815;37204
"223";2017;2;"44";5;116331;65292;51039;4284;1506;45249
"224";2017;2;"44";6;110229;61836;48393;3990;1645;42758
"225";2017;2;"44";7;108228;60087;48141;3688;1289;43164
"226";2017;2;"44";8;85603;48934;36669;1743;809;34117
"227";2017;2;"44";9;117872;67697;50175;5032;1759;43384
"228";2017;2;"45";1;75649;41323;34326;2689;877;30760
"229";2017;2;"45";2;85273;47879;37394;2469;931;33994
"230";2017;2;"45";3;70836;38875;31961;2501;981;28479
"231";2017;2;"45";4;74643;42269;32374;2316;944;29114
"232";2017;2;"45";5;74554;43043;31511;2413;946;28152
"233";2017;2;"45";6;71880;40627;31253;2901;1062;27290
"234";2017;2;"46";1;70805;33979;36826;3422;1530;31874
"235";2017;2;"46";2;65345;30913;34432;2851;1563;30018
"236";2017;2;"47";1;88182;47754;40428;3951;1939;34538
"237";2017;2;"47";2;76963;39074;37889;3049;1544;33296
"238";2017;2;"47";3;75664;38417;37247;3148;1430;32669
"239";2017;2;"48";1;59436;26522;32914;2496;1377;29041
"240";2017;2;"49";1;84090;47184;36906;2970;1044;32892
"241";2017;2;"49";2;90325;50957;39368;3077;1103;35188
"242";2017;2;"49";3;70380;38753;31627;2037;857;28733
"243";2017;2;"49";4;74274;41712;32562;2623;991;28948
"244";2017;2;"49";5;77379;44819;32560;1698;686;30176
"245";2017;2;"49";6;94693;53784;40909;3194;1049;36666
"246";2017;2;"49";7;77820;43203;34617;2831;970;30816
"247";2017;2;"50";1;86929;45776;41153;2206;773;38174
"248";2017;2;"50";2;95481;49156;46325;2504;884;42937
"249";2017;2;"50";3;107801;60944;46857;3585;1237;42035
"250";2017;2;"50";4;88707;57254;31453;4223;1566;25664
"251";2017;2;"51";1;72128;45304;26824;2275;872;23677
"252";2017;2;"51";2;73131;42608;30523;2028;811;27684
"253";2017;2;"51";3;80596;47254;33342;2539;697;30106
"254";2017;2;"51";4;78818;45962;32856;2157;875;29824
"255";2017;2;"51";5;76921;41276;35645;1471;537;33637
"256";2017;2;"52";1;72403;39825;32578;3011;1413;28154
"257";2017;2;"52";2;61594;33811;27783;1344;511;25928
"258";2017;2;"53";1;72721;38951;33770;2039;952;30779
"259";2017;2;"53";2;77823;42112;35711;2142;687;32882
"260";2017;2;"53";3;71930;38016;33914;1665;712;31537
"261";2017;2;"54";1;79290;45290;34000;2507;1029;30464
"262";2017;2;"54";2;68601;38825;29776;2755;850;26171
"263";2017;2;"54";3;82580;53649;28931;1606;772;26553
"264";2017;2;"54";4;97994;56806;41188;3183;1357;36648
"265";2017;2;"54";5;78751;43290;35461;2116;933;32412
"266";2017;2;"54";6;87545;53927;33618;3546;1108;28964
"267";2017;2;"55";1;77283;42271;35012;2751;1268;30993
"268";2017;2;"55";2;60274;33709;26565;2025;690;23850
"269";2017;2;"56";1;105388;56145;49243;2867;977;45399
"270";2017;2;"56";2;104281;56136;48145;4509;2073;41563
"271";2017;2;"56";3;90782;50225;40557;2577;1576;36404
"272";2017;1;"56";4;105109;48060;57049;898;293;55858
"273";2017;2;"56";5;80704;45562;35142;2977;860;31305
"274";2017;2;"56";6;90701;48495;42206;3551;1650;37005
"275";2017;2;"57";1;91439;57531;33908;2850;879;30179
"276";2017;2;"57";2;76507;46687;29820;2325;740;26755
"277";2017;2;"57";3;75323;45693;29630;2163;797;26670
"278";2017;2;"57";4;81476;47773;33703;2668;844;30191
"279";2017;2;"57";5;73972;43460;30512;1585;722;28205
"280";2017;2;"57";6;70132;44558;25574;1203;352;24019
"281";2017;2;"57";7;90360;55862;34498;2189;519;31790
"282";2017;2;"57";8;92436;62211;30225;2116;662;27447
"283";2017;2;"57";9;99470;61690;37780;2742;825;34213
"284";2017;2;"58";1;76910;44415;32495;3225;973;28297
"285";2017;2;"58";2;82375;42850;39525;2968;1988;34569
"286";2017;2;"59";1;61729;38056;23673;1133;512;22028
"287";2017;2;"59";10;82008;55525;26483;1989;952;23542
"288";2017;2;"59";11;92067;54408;37659;2846;1101;33712
"289";2017;2;"59";12;93580;54752;38828;2451;1052;35325
"290";2017;2;"59";13;89284;52767;36517;1797;704;34016
"291";2017;2;"59";14;98782;54871;43911;3074;1446;39391
"292";2017;2;"59";15;95872;51013;44859;3033;1426;40400
"293";2017;2;"59";16;83023;49704;33319;2001;783;30535
"294";2017;2;"59";17;73599;43660;29939;1919;881;27139
"295";2017;2;"59";18;91572;53516;38056;2662;1362;34032
"296";2017;2;"59";19;79087;47011;32076;2176;967;28933
"297";2017;2;"59";2;86665;51589;35076;3046;1449;30581
"298";2017;2;"59";20;81103;50223;30880;1196;513;29171
"299";2017;2;"59";21;82589;51205;31384;1771;713;28900
"300";2017;2;"59";3;94004;57974;36030;2226;935;32869
"301";2017;2;"59";4;99302;57798;41504;3112;1261;37131
"302";2017;2;"59";5;99876;56682;43194;3511;1346;38337
"303";2017;2;"59";6;89105;46899;42206;2789;1324;38093
"304";2017;2;"59";7;72442;44526;27916;1853;699;25364
"305";2017;2;"59";8;67822;47537;20285;1225;468;18592
"306";2017;2;"59";9;91618;53561;38057;2110;829;35118
"307";2017;2;"60";1;82961;45957;37004;2039;843;34122
"308";2017;2;"60";2;88736;50119;38617;2688;894;35035
"309";2017;2;"60";3;73889;46419;27470;2012;665;24793
"310";2017;2;"60";4;92500;51775;40725;2487;926;37312
"311";2017;2;"60";5;72839;42861;29978;1813;742;27423
"312";2017;2;"60";6;75244;41754;33490;2563;760;30167
"313";2017;2;"60";7;76092;44433;31659;2186;996;28477
"314";2017;2;"61";1;69513;37900;31613;1943;732;28938
"315";2017;2;"61";2;67447;35218;32229;1968;693;29568
"316";2017;2;"61";3;71645;35951;35694;2151;739;32804
"317";2017;2;"62";1;104385;53721;50664;3240;1561;45863
"318";2017;2;"62";10;90271;52822;37449;2261;1229;33959
"319";2017;2;"62";11;94924;53468;41456;1594;1009;38853
"320";2017;2;"62";12;95124;55382;39742;2146;1179;36417
"321";2017;2;"62";2;85128;45365;39763;3181;1707;34875
"322";2017;2;"62";3;85611;51834;33777;1995;999;30783
"323";2017;2;"62";4;88520;40867;47653;2134;1168;44351
"324";2017;2;"62";5;90116;52616;37500;2708;1176;33616
"325";2017;2;"62";6;91198;46254;44944;2533;1367;41044
"326";2017;2;"62";7;93283;54973;38310;2151;1168;34991
"327";2017;2;"62";8;93014;50963;42051;2645;1665;37741
"328";2017;2;"62";9;79078;43451;35627;2355;1273;31999
"329";2017;2;"63";1;83501;49118;34383;1865;873;31645
"330";2017;2;"63";2;87873;44409;43464;2480;1533;39451
"331";2017;2;"63";3;89010;47614;41396;3789;1308;36299
"332";2017;2;"63";4;98645;56708;41937;5040;2149;34748
"333";2017;2;"63";5;102047;51053;50994;1706;1107;48181
"334";2017;2;"64";1;68809;38826;29983;3727;1640;24616
"335";2017;2;"64";2;80072;42053;38019;2734;1503;33782
"336";2017;2;"64";3;82747;38958;43789;2827;1512;39450
"337";2017;2;"64";4;80161;37381;42780;3768;1531;37481
"338";2017;2;"64";5;90977;50425;40552;3015;1378;36159
"339";2017;2;"64";6;99395;56536;42859;4487;1785;36587
"340";2017;2;"65";1;88311;45257;43054;2652;1267;39135
"341";2017;2;"65";2;89340;48380;40960;3500;1775;35685
"342";2017;2;"66";1;70972;42116;28856;2127;1001;25728
"343";2017;2;"66";2;96636;52526;44110;2440;1168;40502
"344";2017;2;"66";3;83040;46919;36121;3424;1503;31194
"345";2017;2;"66";4;97099;53728;43371;3473;1613;38285
"346";2017;2;"67";1;61033;36446;24587;1731;670;22186
"347";2017;2;"67";2;69535;42337;27198;1792;646;24760
"348";2017;2;"67";3;68885;42466;26419;1827;607;23985
"349";2017;2;"67";4;94490;54683;39807;1854;640;37313
"350";2017;2;"67";5;103986;64638;39348;2502;816;36030
"351";2017;2;"67";6;96028;54142;41886;1607;591;39688
"352";2017;2;"67";7;85427;49699;35728;1806;641;33281
"353";2017;2;"67";8;94499;54358;40141;1931;740;37470
"354";2017;2;"67";9;92729;56632;36097;1685;690;33722
"355";2017;2;"68";1;76069;43958;32111;1211;538;30362
"356";2017;2;"68";2;92204;52411;39793;2058;760;36975
"357";2017;2;"68";3;85719;49150;36569;1883;622;34064
"358";2017;2;"68";4;102685;63492;39193;2359;996;35838
"359";2017;2;"68";5;77489;46067;31422;2110;178;29134
"360";2017;2;"68";6;92418;57848;34570;2201;560;31809
"361";2017;2;"69";1;69503;39778;29725;1597;848;27280
"362";2017;2;"69";10;95268;53226;42042;2830;834;38378
"363";2017;2;"69";11;92513;53946;38567;2421;1068;35078
"364";2017;2;"69";12;79783;44488;35295;2557;780;31958
"365";2017;2;"69";13;84804;51354;33450;1953;664;30833
"366";2017;2;"69";14;74256;50980;23276;1667;703;20906
"367";2017;2;"69";2;74987;40100;34887;1841;1115;31931
"368";2017;2;"69";3;72021;39967;32054;1958;696;29400
"369";2017;2;"69";4;80168;43896;36272;2384;703;33185
"370";2017;2;"69";5;88072;48408;39664;1948;628;37088
"371";2017;2;"69";6;82455;49129;33326;2008;1022;30296
"372";2017;2;"69";7;68017;44931;23086;1722;683;20681
"373";2017;2;"69";8;102568;55444;47124;2179;710;44235
"374";2017;2;"69";9;91683;51516;40167;2180;674;37313
"375";2017;2;"70";1;88459;44263;44196;3164;1914;39118
"376";2017;2;"70";2;90724;46812;43912;3201;2187;38524
"377";2017;2;"71";1;72893;41335;31558;2463;786;28309
"378";2017;2;"71";2;78344;42991;35353;2600;1163;31590
"379";2017;2;"71";3;82724;46970;35754;3538;1562;30654
"380";2017;2;"71";4;82337;48091;34246;2804;1214;30228
"381";2017;2;"71";5;89986;54018;35968;3213;1554;31201
"382";2017;2;"72";1;71771;40812;30959;3023;575;27361
"383";2017;2;"72";2;81983;49062;32921;2867;654;29400
"384";2017;2;"72";3;85250;49567;35683;3231;1292;31160
"385";2017;2;"72";4;79626;47467;32159;2160;647;29352
"386";2017;2;"72";5;86938;48755;38183;3570;867;33746
"387";2017;2;"73";1;87087;46106;40981;2007;844;38130
"388";2017;2;"73";2;76029;48545;27484;2072;789;24623
"389";2017;2;"73";3;72714;41588;31126;2436;1057;27633
"390";2017;2;"73";4;74639;46114;28525;3311;1353;23861
"391";2017;2;"74";1;100409;57861;42548;2554;858;39136
"392";2017;2;"74";2;94953;54107;40846;2304;695;37847
"393";2017;2;"74";3;81855;47070;34785;1897;530;32358
"394";2017;2;"74";4;85236;51939;33297;1481;409;31407
"395";2017;2;"74";5;95600;59203;36397;2372;830;33195
"396";2017;2;"74";6;78941;47760;31181;1693;544;28944
"397";2017;1;"75";1;80780;33150;47630;217;99;47314
"398";2017;2;"75";10;67347;34400;32947;2042;661;30244
"399";2017;2;"75";11;70944;35600;35344;4064;1041;30239
"400";2017;2;"75";12;73915;34263;39652;1710;533;37409
"401";2017;2;"75";13;75382;36536;38846;2135;566;36145
"402";2017;2;"75";14;72364;35105;37259;713;254;36292
"403";2017;2;"75";15;76203;43200;33003;2284;800;29919
"404";2017;2;"75";16;70384;38637;31747;1404;518;29825
"405";2017;2;"75";17;58245;34359;23886;1120;365;22401
"406";2017;2;"75";18;67245;38539;28706;3470;1073;24163
"407";2017;2;"75";2;71736;34773;36963;2543;775;33645
"408";2017;2;"75";3;68679;38027;30652;2695;780;27177
"409";2017;2;"75";4;69753;35606;34147;834;265;33048
"410";2017;2;"75";5;75881;39242;36639;1879;618;34142
"411";2017;2;"75";6;76657;38439;38218;1695;614;35909
"412";2017;2;"75";7;76054;38325;37729;1937;664;35128
"413";2017;2;"75";8;82164;44197;37967;3952;969;33046
"414";2017;2;"75";9;68351;35341;33010;2100;744;30166
"415";2017;2;"76";1;64488;37212;27276;2236;769;24271
"416";2017;2;"76";10;108745;57282;51463;3924;1250;46289
"417";2017;2;"76";2;94797;52436;42361;3616;1224;37521
"418";2017;2;"76";3;69397;40600;28797;1513;645;26639
"419";2017;2;"76";4;88359;52299;36060;3326;1002;31732
"420";2017;2;"76";5;96317;55821;40496;2052;693;37751
"421";2017;2;"76";6;109566;57731;51835;3104;1201;47530
"422";2017;2;"76";7;87631;55149;32482;4207;391;27884
"423";2017;2;"76";8;67666;43876;23790;1548;55;22187
"424";2017;2;"76";9;93669;51033;42636;3597;1142;37897
"425";2017;2;"77";1;70918;45374;25544;2087;856;22601
"426";2017;2;"77";10;79365;49983;29382;1706;765;26911
"427";2017;2;"77";11;64893;40440;24453;1779;349;22325
"428";2017;2;"77";2;79727;44364;35363;2137;778;32448
"429";2017;2;"77";3;75457;45482;29975;2525;645;26805
"430";2017;2;"77";4;87942;50507;37435;2504;1001;33930
"431";2017;2;"77";5;84878;52648;32230;1822;619;29789
"432";2017;2;"77";6;78121;48843;29278;2410;798;26070
"433";2017;2;"77";7;85368;52372;32996;2523;739;29734
"434";2017;2;"77";8;88870;56337;32533;2694;841;28998
"435";2017;2;"77";9;85973;54579;31394;2320;770;28304
"436";2017;2;"78";1;83490;41919;41571;2054;584;38933
"437";2017;2;"78";10;88764;45324;43440;2627;861;39952
"438";2017;2;"78";11;68015;39662;28353;1850;665;25838
"439";2017;2;"78";12;69005;37485;31520;1887;524;29109
"440";2017;2;"78";2;85418;42309;43109;2295;742;40072
"441";2017;2;"78";3;83239;43289;39950;1762;530;37658
"442";2017;2;"78";4;78497;40666;37831;2016;528;35287
"443";2017;2;"78";5;73783;38621;35162;1326;466;33370
"444";2017;2;"78";6;75704;41911;33793;1547;517;31729
"445";2017;2;"78";7;80615;47519;33096;2295;650;30151
"446";2017;2;"78";8;73870;47014;26856;2557;1078;23221
"447";2017;2;"78";9;90984;54529;36455;2675;883;32897
"448";2017;2;"79";1;90237;49348;40889;2062;962;37865
"449";2017;2;"79";2;97376;50300;47076;2099;1121;43856
"450";2017;2;"79";3;84788;48161;36627;2655;1238;32734
"451";2017;2;"80";1;84286;46749;37537;1980;1023;34534
"452";2017;2;"80";2;75487;43239;32248;2327;920;29001
"453";2017;2;"80";3;83768;43931;39837;3751;1684;34402
"454";2017;2;"80";4;84023;44450;39573;3184;1089;35300
"455";2017;1;"80";5;81450;40374;41076;868;274;39934
"456";2017;2;"81";1;83763;43181;40582;3303;1970;35309
"457";2017;2;"81";2;106014;55037;50977;4558;2554;43865
"458";2017;2;"81";3;101429;51388;50041;4053;2073;43915
"459";2017;2;"82";1;89975;48208;41767;3503;1818;36446
"460";2017;2;"82";2;93323;48944;44379;3705;2046;38628
"461";2017;2;"83";1;74842;45867;28975;2063;730;26182
"462";2017;2;"83";2;90541;55427;35114;2396;706;32012
"463";2017;2;"83";3;100775;58092;42683;3273;1319;38091
"464";2017;2;"83";4;106143;63455;42688;2474;946;39268
"465";2017;2;"83";5;96236;55676;40560;2045;832;37683
"466";2017;2;"83";6;118392;70593;47799;2787;1100;43912
"467";2017;2;"83";7;103503;63240;40263;2701;757;36805
"468";2017;2;"83";8;104360;58442;45918;2871;1095;41952
"469";2017;2;"84";1;72991;43827;29164;2201;751;26212
"470";2017;2;"84";2;83311;47529;35782;3149;1236;31397
"471";2017;2;"84";3;75602;41850;33752;1875;658;31219
"472";2017;2;"84";4;88777;47951;40826;2313;723;37790
"473";2017;2;"84";5;81870;46396;35474;2862;1132;31480
"474";2017;2;"85";1;109665;61496;48169;2734;1296;44139
"475";2017;2;"85";2;103480;58437;45043;3461;1721;39861
"476";2017;2;"85";3;122015;67203;54812;3403;1644;49765
"477";2017;2;"85";4;97892;56034;41858;2415;839;38604
"478";2017;2;"85";5;81455;43953;37502;2602;1169;33731
"479";2017;2;"86";1;79559;44333;35226;2114;1016;32096
"480";2017;2;"86";2;77522;43855;33667;3683;1300;28684
"481";2017;2;"86";3;74026;39678;34348;2658;1402;30288
"482";2017;2;"86";4;75658;43536;32122;2509;1353;28260
"483";2017;2;"87";1;84743;44273;40470;2577;1985;35908
"484";2017;2;"87";2;97461;47463;49998;3254;2396;44348
"485";2017;2;"87";3;83058;42831;40227;3865;2325;34037
"486";2017;2;"88";1;77078;42800;34278;2392;1123;30763
"487";2017;2;"88";2;73261;41433;31828;2516;1337;27975
"488";2017;2;"88";3;65649;35296;30353;2130;969;27254
"489";2017;2;"88";4;66558;34698;31860;2654;1461;27745
"490";2017;2;"89";1;76916;39262;37654;2227;742;34685
"491";2017;2;"89";2;75693;41990;33703;3073;1214;29416
"492";2017;2;"89";3;89140;49532;39608;2731;799;36078
"493";2017;2;"90";1;47838;26669;21169;1840;788;18541
"494";2017;2;"90";2;47495;26524;20971;1810;931;18230
"495";2017;2;"91";1;71200;45176;26024;1920;729;23375
"496";2017;2;"91";10;60911;38087;22824;1393;580;20851
"497";2017;2;"91";2;90740;51367;39373;2189;881;36303
"498";2017;2;"91";3;95817;53865;41952;2917;1262;37773
"499";2017;2;"91";4;96489;54300;42189;3482;1087;37620
"500";2017;2;"91";5;68395;34386;34009;2412;692;30905
"501";2017;2;"91";6;81934;48052;33882;3196;1125;29561
"502";2017;2;"91";7;73663;44788;28875;2206;782;25887
"503";2017;2;"91";8;76458;40626;35832;1878;630;33324
"504";2017;2;"91";9;79287;48744;30543;2710;1066;26767
"505";2017;2;"92";1;62486;40913;21573;1443;278;19852
"506";2017;2;"92";10;78974;40926;38048;3600;288;34160
"507";2017;2;"92";11;69273;36273;33000;1349;530;31121
"508";2017;2;"92";12;92856;48046;44810;2943;941;40926
"509";2017;2;"92";13;89108;44289;44819;3765;280;40774
"510";2017;2;"92";2;68008;35721;32287;2227;406;29654
"511";2017;2;"92";3;81072;42430;38642;2774;134;35734
"512";2017;2;"92";4;76175;46390;29785;3087;511;26187
"513";2017;2;"92";5;70370;38964;31406;2193;840;28373
"514";2017;2;"92";6;74305;37066;37239;2278;559;34402
"515";2017;2;"92";7;86690;43753;42937;1858;443;40636
"516";2017;2;"92";8;68751;34868;33883;2230;312;31341
"517";2017;2;"92";9;64985;36143;28842;2663;0;26179
"518";2017;2;"93";1;61804;41892;19912;865;505;18542
"519";2017;2;"93";10;68698;46393;22305;1879;643;19783
"520";2017;2;"93";11;62665;42972;19693;857;418;18418
"521";2017;2;"93";12;64794;43339;21455;1654;563;19238
"522";2017;2;"93";2;54143;38158;15985;929;372;14684
"523";2017;2;"93";3;72572;44714;27858;1673;616;25569
"524";2017;2;"93";4;60977;42913;18064;1066;349;16649
"525";2017;2;"93";5;63848;42323;21525;1615;627;19283
"526";2017;2;"93";6;52593;34666;17927;861;348;16718
"527";2017;2;"93";7;76062;45881;30181;1676;447;28058
"528";2017;2;"93";8;60133;36856;23277;2255;413;20609
"529";2017;2;"93";9;70180;44233;25947;1414;553;23980
"530";2017;2;"94";1;84680;48564;36116;2581;916;32619
"531";2017;2;"94";10;64439;38463;25976;1333;617;24026
"532";2017;2;"94";11;62446;37036;25410;1585;490;23335
"533";2017;2;"94";2;63379;40261;23118;1255;592;21271
"534";2017;2;"94";3;72165;45149;27016;2202;702;24112
"535";2017;2;"94";4;72739;42627;30112;2058;742;27312
"536";2017;2;"94";5;89457;52423;37034;2440;634;33960
"537";2017;2;"94";6;81289;45413;35876;3087;836;31953
"538";2017;2;"94";7;65556;39574;25982;2091;855;23036
"539";2017;2;"94";8;76749;38676;38073;1793;573;35707
"540";2017;2;"94";9;53666;33376;20290;1026;488;18776
"541";2017;2;"95";1;81549;49250;32299;3066;837;28396
"542";2017;2;"95";10;66540;42177;24363;1438;429;22496
"543";2017;2;"95";2;76522;45048;31474;2280;663;28531
"544";2017;2;"95";3;91577;56259;35318;2747;914;31657
"545";2017;2;"95";4;76061;46109;29952;2170;694;27088
"546";2017;2;"95";5;68484;45100;23384;1737;677;20970
"547";2017;2;"95";6;76438;46832;29606;1581;1452;26573
"548";2017;2;"95";7;69585;43432;26153;1827;567;23759
"549";2017;2;"95";8;54554;37681;16873;859;434;15580
"550";2017;2;"95";9;69985;48574;21411;1768;694;18949
"551";2017;2;"971";1;76233;49758;26475;1024;1725;23726
"552";2017;2;"971";2;86978;62508;24470;945;1148;22377
"553";2017;2;"971";3;83684;61663;22021;1273;1339;19409
"554";2017;2;"971";4;69233;45300;23933;851;1329;21753
"555";2017;2;"972";1;79425;55485;23940;1059;1044;21837
"556";2017;2;"972";2;81667;53867;27800;1388;1117;25295
"557";2017;2;"972";3;65399;43693;21706;729;537;20440
"558";2017;2;"972";4;83734;60005;23729;989;992;21748
"559";2017;2;"973";1;53662;37948;15714;632;380;14702
"560";2017;2;"973";2;39422;25586;13836;323;229;13284
"561";2017;2;"974";1;80506;48707;31799;1517;1508;28774
"562";2017;2;"974";2;92710;56274;36436;1404;1658;33374
"563";2017;2;"974";3;92752;51977;40775;2674;3282;34819
"564";2017;2;"974";4;104970;55627;49343;2631;3434;43278
"565";2017;2;"974";5;83173;53807;29366;1167;1616;26583
"566";2017;2;"974";6;75862;48700;27162;1698;1868;23596
"567";2017;2;"974";7;110366;66914;43452;3228;3529;36695
"568";2017;2;"975";1;4974;1226;3748;62;50;3636
"569";2017;2;"976";1;37956;20680;17276;563;783;15930
"570";2017;2;"976";2;44845;22623;22222;723;1532;19967
"571";2017;2;"977";1;25414;18778;6636;185;125;6326
"572";2017;1;"986";1;8480;1588;6892;31;22;6839
"573";2017;2;"987";1;72585;39125;33460;666;719;32075
"574";2017;2;"987";2;66706;36685;30021;548;987;28486
"575";2017;2;"987";3;64425;31727;32698;616;459;31623
"576";2017;2;"988";1;85146;52783;32363;1703;660;30000
"577";2017;2;"988";2;104634;49752;54882;1950;962;51970
"578";2022;2;"47";2;77451;34422;43029;715;434;41880
"579";2022;2;"92";3;82694;36887;45807;772;78;44957
"580";2022;2;"58";2;79762;35828;43934;878;480;42576
"581";2022;2;"46";2;66674;27160;39514;1312;874;37328
"582";2022;2;"92";2;69751;29536;40215;690;163;39362
"583";2022;2;"24";3;67369;26643;40726;970;646;39110
"584";2022;2;"81";2;109876;47526;62350;1291;711;60348
"585";2022;2;"92";6;76272;36158;40114;2092;702;37320
"586";2022;2;"25";5;84722;49620;35102;2594;1035;31473
"587";2022;2;"92";7;87926;42381;45545;2375;554;42616
"588";2022;2;"78";3;83457;40717;42740;2251;815;39674
"589";2022;2;"15";2;52857;28160;24697;2040;798;21859
"590";2022;2;"43";1;101598;52842;48756;1737;768;46251
"591";2022;2;"34";6;93917;53248;40669;2286;787;37596
"592";2022;2;"06";8;84308;51053;33255;1736;415;31104
"593";2022;2;"15";1;63106;33541;29565;2263;985;26317
"594";2022;2;"50";1;87541;46074;41467;1427;543;39497
"595";2022;2;"75";12;75816;33804;42012;2079;657;39276
"596";2022;2;"43";2;79477;39753;39724;1488;753;37483
"597";2022;2;"69";5;90165;44045;46120;2035;712;43373
"598";2022;2;"74";4;88829;52949;35880;954;302;34624
"599";2022;2;"71";2;77218;40831;36387;1461;684;34242
"600";2022;2;"976";1;42866;23400;19466;510;661;18295
"601";2022;2;"64";3;84067;40610;43457;2565;1201;39691
"602";2022;2;"988";1;96932;57205;39727;771;325;38631
"603";2022;2;"17";1;110471;55925;54546;1602;647;52297
"604";2022;2;"67";4;97920;53953;43967;2456;855;40656
"605";2022;2;"92";8;68055;30032;38023;2061;327;35635
"606";2022;2;"78";4;80177;38220;41957;1845;702;39410
"607";2022;2;"75";1;84577;38783;45794;1539;553;43702
"608";2022;2;"73";3;74458;37332;37126;1343;464;35319
"609";2022;2;"62";10;88838;51366;37472;1789;995;34688
"610";2022;2;"69";10;99415;50121;49294;2414;806;46074
"611";2022;2;"099";6;150077;111941;38136;1973;84;36079
"612";2022;2;"22";3;88979;40656;48323;1344;713;46266
"613";2022;2;"46";1;72859;31011;41848;1448;769;39631
"614";2022;2;"68";5;77082;46415;30667;1867;263;28537
"615";2022;2;"78";5;75656;37200;38456;1710;631;36115
"616";2022;2;"78";6;75950;39129;36821;1698;648;34475
"617";2022;2;"50";2;96983;49401;47582;2573;1128;43881
"618";2022;2;"78";2;86404;38882;47522;2301;782;44439
"619";2022;2;"69";11;96597;52632;43965;2691;921;40353
"620";2022;2;"73";2;76338;42724;33614;1168;493;31953
"621";2022;2;"12";1;78139;38450;39689;2323;1115;36251
"622";2022;2;"099";10;104452;82695;21757;1136;99;20522
"623";2022;2;"75";2;74773;32353;42420;1641;597;40182
"624";2022;2;"45";4;74835;40370;34465;3214;1127;30124
"625";2022;2;"74";3;88240;48368;39872;1579;599;37694
"626";2022;2;"78";1;83352;39461;43891;2450;836;40605
"627";2022;2;"78";10;91550;43332;48218;2670;1024;44524
"628";2022;2;"94";8;78529;36613;41916;1027;364;40525
"629";2022;2;"01";1;86194;45446;40748;1587;552;38609
"630";2022;2;"59";6;93715;46356;47359;2679;1256;43424
"631";2022;2;"69";12;82191;41053;41138;1884;720;38534
"632";2022;2;"974";5;87703;57253;30450;923;1269;28258
"633";2022;2;"69";13;88594;50225;38369;2155;779;35435
"634";2022;2;"74";1;109094;58529;50565;2774;1002;46789
"635";2022;2;"02";5;83139;45021;38118;4076;1050;32992
"636";2022;2;"01";4;94903;51702;43201;5450;1454;36297
"637";2022;2;"39";2;55805;29526;26279;1034;479;24766
"638";2022;2;"099";11;98847;70238;28609;1718;101;26790
"639";2022;2;"42";5;102311;57266;45045;3842;1383;39820
"640";2022;2;"35";6;90292;44720;45572;1822;906;42844
"641";2022;2;"13";2;83607;45287;38320;1900;718;35702
"642";2022;2;"42";4;103989;56089;47900;2007;694;45199
"643";2022;2;"69";9;96668;56143;40525;3264;866;36395
"644";2022;2;"66";2;103633;56009;47624;2748;1297;43579
"645";2022;2;"14";4;104666;53624;51042;2564;1131;47347
"646";2022;2;"62";11;94174;54971;39203;1758;903;36542
"647";2022;2;"03";3;80194;44317;35877;2902;1332;31643
"648";2022;2;"80";5;81347;42037;39310;3880;1116;34314
"649";2022;2;"49";5;79446;45011;34435;1701;814;31920
"650";2022;2;"49";3;72583;38912;33671;1702;607;31362
"651";2022;2;"49";4;76249;40289;35960;2087;867;33006
"652";2022;2;"64";6;105506;54222;51284;3364;1429;46491
"653";2022;2;"099";7;123403;83482;39921;1317;85;38519
"654";2022;2;"74";5;101817;58655;43162;2425;1006;39731
"655";2022;2;"78";12;71168;35436;35732;1694;555;33483
"656";2022;2;"74";2;100231;53811;46420;2465;856;43099
"657";2022;2;"75";13;78188;35842;42346;1720;563;40063
"658";2022;2;"92";10;79543;36933;42610;2251;182;40177
"659";2022;2;"92";5;75584;37597;37987;1330;519;36138
"660";2022;2;"85";4;102698;59813;42885;2898;890;39097
"661";2022;2;"76";2;95314;45788;49526;3451;1045;45030
"662";2022;2;"13";10;109100;57531;51569;4399;1109;46061
"663";2022;2;"69";4;78300;34441;43859;1489;578;41792
"664";2022;2;"73";1;93525;49199;44326;2656;1129;40541
"665";2022;2;"56";1;114857;52995;61862;2780;1052;58030
"666";2022;2;"976";2;49867;23508;26359;890;1413;24056
"667";2022;2;"34";7;108885;57027;51858;4038;1569;46251
"668";2022;2;"33";1;104129;53594;50535;1940;734;47861
"669";2022;2;"92";13;90066;39978;50088;2705;247;47136
"670";2022;2;"59";9;92360;49343;43017;1733;692;40592
"671";2022;2;"94";1;85157;42112;43045;1798;717;40530
"672";2022;2;"07";2;96579;48634;47945;3099;1207;43639
"673";2022;2;"06";7;97545;56322;41223;2461;528;38234
"674";2022;2;"84";3;78864;42791;36073;2011;735;33327
"675";2022;2;"01";3;82207;48291;33916;1870;716;31330
"676";2022;2;"33";11;98743;51770;46973;3102;1126;42745
"677";2022;2;"35";5;109735;55524;54211;2415;1183;50613
"678";2022;2;"13";9;100963;55584;45379;3810;1056;40513
"679";2022;2;"53";2;79090;42589;36501;1865;841;33795
"680";2022;2;"56";2;112403;53021;59382;3218;1508;54656
"681";2022;2;"39";3;70385;34905;35480;1512;788;33180
"682";2022;2;"85";2;112172;58204;53968;3201;1604;49163
"683";2022;2;"19";2;93152;44631;48521;2536;1671;44314
"684";2022;2;"01";2;99979;53307;46672;3033;855;42784
"685";2022;2;"79";3;84888;46111;38777;2186;1111;35480
"686";2022;2;"28";1;91232;48865;42367;2552;1034;38781
"687";2022;2;"21";1;70369;34169;36200;2026;616;33558
"688";2022;2;"26";4;99201;50327;48874;1517;596;46761
"689";2022;2;"29";3;93155;47040;46115;2138;510;43467
"690";2022;2;"76";7;86816;46951;39865;2284;294;37287
"691";2022;2;"01";5;77466;43704;33762;2354;839;30569
"692";2022;2;"49";6;98400;52352;46048;2106;1208;42734
"693";2022;2;"06";5;91178;53865;37313;2111;765;34437
"694";2022;2;"92";12;93387;43052;50335;2002;726;47607
"695";2022;2;"59";10;82250;51965;30285;1476;659;28150
"696";2022;2;"06";3;91815;55165;36650;2397;1099;33154
"697";2022;2;"77";2;79935;41819;38116;2349;874;34893
"698";2022;2;"099";2;75621;63301;12320;530;57;11733
"699";2022;2;"42";3;83524;47776;35748;2420;515;32813
"700";2022;2;"45";6;75188;39183;36005;2202;865;32938
"701";2022;2;"91";8;75988;39868;36120;1881;520;33719
"702";2022;2;"099";5;105032;77767;27265;1287;69;25909
"703";2022;2;"71";1;74571;39756;34815;1970;794;32051
"704";2022;2;"45";1;77594;39754;37840;1868;729;35243
"705";2022;2;"37";3;99402;50106;49296;2900;1277;45119
"706";2022;2;"02";4;78778;45449;33329;1886;669;30774
"707";2022;2;"59";19;80364;47341;33023;1796;691;30536
"708";2022;2;"18";1;71165;37784;33381;2606;819;29956
"709";2022;2;"26";2;95930;52090;43840;4577;1508;37755
"710";2022;2;"07";3;80836;34702;46134;1755;786;43593
"711";2022;2;"44";7;117322;58119;59203;3566;1182;54455
"712";2022;2;"47";3;75987;36885;39102;4388;1806;32908
"713";2022;2;"57";6;66904;43824;23080;1128;237;21715
"714";2022;2;"84";4;90422;48770;41652;2560;685;38407
"715";2022;2;"13";14;99313;52796;46517;2707;1161;42649
"716";2022;2;"49";2;94035;47123;46912;2000;857;44055
"717";2022;2;"60";7;76867;42406;34461;1413;548;32500
"718";2022;2;"85";1;118663;65205;53458;2774;1531;49153
"719";2022;2;"09";2;62032;30329;31703;1912;1183;28608
"720";2022;2;"77";3;77071;42520;34551;1541;516;32494
"721";2022;2;"30";2;95045;51506;43539;2787;870;39882
"722";2022;2;"56";3;96635;49456;47179;2828;1480;42871
"723";2022;2;"83";6;127524;70584;56940;2689;846;53405
"724";2022;2;"05";2;54275;25674;28601;1364;629;26608
"725";2022;2;"973";1;57003;39947;17056;688;379;15989
"726";2022;2;"44";10;123775;61700;62075;2665;1284;58126
"727";2022;2;"41";1;82792;43086;39706;2588;1263;35855
"728";2022;2;"94";5;90294;47442;42852;1627;476;40749
"729";2022;2;"57";2;76241;43457;32784;2349;719;29716
"730";2022;2;"06";1;82309;48326;33983;1827;668;31488
"731";2022;2;"62";12;96500;56198;40302;2311;946;37045
"732";2022;2;"66";4;101920;53819;48101;3453;1411;43237
"733";2022;2;"39";1;65032;32166;32866;1964;961;29941
"734";2022;2;"06";4;85291;48154;37137;1737;728;34672
"735";2022;2;"50";3;110859;56646;54213;3337;1296;49580
"736";2022;2;"59";4;101687;53424;48263;1966;898;45399
"737";2022;2;"36";1;77781;41666;36115;2413;1286;32416
"738";2022;2;"83";5;101751;56080;45671;1542;645;43484
"739";2022;2;"94";4;74068;39571;34497;1648;607;32242
"740";2022;2;"51";1;74471;43568;30903;1719;750;28434
"741";2022;2;"89";3;89743;48233;41510;2361;771;38378
"742";2022;2;"22";2;103429;46512;56917;2828;1414;52675
"743";2022;2;"60";2;89123;47644;41479;2320;734;38425
"744";2022;2;"40";1;108526;54215;54311;4130;1586;48595
"745";2022;2;"099";3;148662;103099;45563;1170;43;44350
"746";2022;2;"45";2;87297;46868;40429;2496;1118;36815
"747";2022;2;"62";1;104991;52174;52817;2545;1181;49091
"748";2022;2;"42";6;111184;61434;49750;3696;1113;44941
"749";2022;2;"31";3;80733;35314;45419;1920;814;42685
"750";2022;2;"14";5;92542;45218;47324;2685;1116;43523
"751";2022;2;"91";4;98723;50463;48260;2531;876;44853
"752";2022;2;"78";7;80601;42447;38154;1849;649;35656
"753";2022;2;"099";1;240992;184549;56443;1961;69;54413
"754";2022;2;"49";7;82877;42941;39936;1708;671;37557
"755";2022;2;"38";1;85737;37876;47861;1461;461;45939
"756";2022;2;"49";1;88017;44445;43572;1946;695;40931
"757";2022;2;"59";7;73619;41554;32065;1521;620;29924
"758";2022;2;"75";11;73058;29154;43904;1251;440;42213
"759";2022;2;"57";7;89499;54120;35379;1683;443;33253
"760";2022;2;"099";4;148171;99902;48269;1615;67;46587
"761";2022;2;"57";9;101706;62137;39569;2416;719;36434
"762";2022;2;"82";2;96326;48208;48118;3518;1538;43062
"763";2022;2;"13";3;75992;47757;28235;1749;468;26018
"764";2022;2;"13";16;91764;49943;41821;2808;1116;37897
"765";2022;2;"83";8;109176;59230;49946;2417;965;46564
"766";2022;2;"72";1;73504;38662;34842;2656;673;31513
"767";2022;2;"51";2;74662;42068;32594;4710;1150;26734
"768";2022;2;"56";6;93735;46067;47668;2610;1408;43650
"769";2022;2;"37";2;92250;46962;45288;2717;1150;41421
"770";2022;2;"64";2;83109;39590;43519;2599;1220;39700
"771";2022;2;"80";4;85112;42561;42551;2986;845;38720
"772";2022;2;"29";5;97865;48360;49505;1856;777;46872
"773";2022;2;"02";1;72483;38746;33737;1869;602;31266
"774";2022;2;"67";3;70930;39438;31492;1106;387;29999
"775";2022;2;"70";1;88324;42658;45666;2825;1564;41277
"776";2022;2;"30";4;94343;48554;45789;3634;1252;40903
"777";2022;2;"26";1;77957;42332;35625;2028;944;32653
"778";2022;2;"44";5;125919;59950;65969;2766;1021;62182
"779";2022;2;"29";4;84023;39416;44607;1797;769;42041
"780";2022;2;"64";5;99411;50775;48636;2987;1196;44453
"781";2022;2;"70";2;89797;44611;45186;2770;1508;40908
"782";2022;2;"34";9;89433;49574;39859;2659;1296;35904
"783";2022;2;"94";6;82124;37178;44946;1329;540;43077
"784";2022;2;"48";1;59909;24428;35481;2184;1322;31975
"785";2022;2;"34";5;98965;49015;49950;4654;1611;43685
"786";2022;2;"988";2;122222;62991;59231;808;525;57898
"787";2022;2;"66";3;84997;43920;41077;4007;1403;35667
"788";2022;2;"59";15;97816;51821;45995;4775;1719;39501
"789";2022;2;"27";3;85740;43175;42565;2586;829;39150
"790";2022;2;"10";1;64552;32773;31779;1389;527;29863
"791";2022;2;"29";1;92338;42222;50116;1964;933;47219
"792";2022;2;"66";1;72798;40450;32348;2041;865;29442
"793";2022;2;"13";15;109281;57379;51902;3079;1208;47615
"794";2022;2;"19";1;92424;39658;52766;2815;1953;47998
"795";2022;2;"38";9;100653;51410;49243;2938;905;45400
"796";2022;2;"12";3;72518;33137;39381;2727;1585;35069
"797";2022;2;"81";3;104171;50203;53968;4059;2435;47474
"798";2022;2;"83";4;112405;61946;50459;1969;811;47679
"799";2022;2;"59";17;73664;42449;31215;1816;637;28762
"800";2022;2;"11";1;98468;48254;50214;3992;1575;44647
"801";2022;2;"55";2;59519;32707;26812;1480;529;24803
"802";2022;2;"95";6;75352;41149;34203;1388;564;32251
"803";2022;2;"69";7;70999;42187;28812;801;316;27695
"804";2022;2;"54";1;82448;43425;39023;1850;636;36537
"805";2022;2;"95";4;75566;39861;35705;1671;590;33444
"806";2022;2;"11";3;89795;40032;49763;5155;1989;42619
"807";2022;2;"62";9;80131;42338;37793;1956;971;34866
"808";2022;2;"33";5;120999;63204;57795;6492;2014;49289
"809";2022;2;"91";2;91963;49368;42595;4597;1188;36810
"810";2022;2;"95";2;78171;42767;35404;1858;751;32795
"811";2022;2;"80";2;77992;40967;37025;2018;820;34187
"812";2022;2;"44";9;129930;65589;64341;3311;1497;59533
"813";2022;2;"34";3;92308;45262;47046;2718;1192;43136
"814";2022;2;"63";3;89903;42760;47143;2522;1221;43400
"815";2022;2;"81";1;85129;41315;43814;5411;2378;36025
"816";2022;2;"77";1;71939;41345;30594;1693;641;28260
"817";2022;2;"974";6;82050;56043;26007;1146;973;23888
"818";2022;2;"59";12;93111;51849;41262;1861;751;38650
"819";2022;2;"33";7;79776;37521;42255;1681;801;39773
"820";2022;2;"71";5;88048;49722;38326;2901;1447;33978
"821";2022;2;"77";9;86253;50191;36062;2164;735;33163
"822";2022;2;"60";6;75897;40479;35418;2227;598;32593
"823";2022;2;"34";1;90108;49581;40527;2731;995;36801
"824";2022;2;"11";2;92652;48947;43705;3102;1160;39443
"825";2022;2;"95";1;82738;43677;39061;2486;829;35746
"826";2022;2;"32";1;73809;33442;40367;3051;1469;35847
"827";2022;2;"22";5;107732;47133;60599;2952;1454;56193
"828";2022;2;"14";6;96463;47906;48557;2602;1287;44668
"829";2022;2;"29";8;91084;43005;48079;2417;1235;44427
"830";2022;2;"57";8;91209;59273;31936;2370;620;28946
"831";2022;2;"60";3;73841;43564;30277;2640;802;26835
"832";2022;2;"22";1;91918;42841;49077;2185;1004;45888
"833";2022;2;"65";2;89776;44379;45397;3339;1747;40311
"834";2022;2;"25";2;79175;38775;40400;2455;1093;36852
"835";2022;2;"29";7;83311;37373;45938;2185;1139;42614
"836";2022;2;"35";7;105049;54552;50497;3748;1364;45385
"837";2022;2;"45";3;70881;35825;35056;2163;631;32262
"838";2022;2;"84";2;85845;45743;40102;2388;896;36818
"839";2022;2;"30";6;84553;48082;36471;2775;1261;32435
"840";2022;2;"95";3;94579;51190;43389;1954;793;40642
"841";2022;2;"77";6;81567;48243;33324;3089;692;29543
"842";2022;2;"42";1;64616;37113;27503;1404;702;25397
"843";2022;2;"44";1;77128;35737;41391;1913;372;39106
"844";2022;2;"83";7;105189;59483;45706;2194;644;42868
"845";2022;2;"30";1;89377;52361;37016;2403;840;33773
"846";2022;2;"79";1;90925;44656;46269;2018;952;43299
"847";2022;2;"40";2;123048;59675;63373;3409;1616;58348
"848";2022;2;"31";5;106938;55925;51013;3263;1601;46149
"849";2022;2;"25";1;76211;39382;36829;2229;937;33663
"850";2022;2;"69";1;72741;34783;37958;1234;469;36255
"851";2022;2;"33";6;108051;52847;55204;2307;1035;51862
"852";2022;2;"35";2;98271;41553;56718;1627;736;54355
"853";2022;2;"17";2;112184;57655;54529;3247;1312;49970
"854";2022;2;"2a";1;52261;27506;24755;957;590;23208
"855";2022;2;"21";2;71506;37912;33594;2294;901;30399
"856";2022;2;"52";2;59447;31444;28003;806;357;26840
"857";2022;2;"06";2;89183;50126;39057;2349;782;35926
"858";2022;2;"10";3;66562;37324;29238;1659;642;26937
"859";2022;2;"83";2;92512;51841;40671;1837;574;38260
"860";2022;2;"13";12;94710;55338;39372;1633;410;37329
"861";2022;2;"06";6;80177;43857;36320;1876;238;34206
"862";2022;2;"56";5;81839;40851;40988;2044;644;38300
"863";2022;2;"30";3;95519;49607;45912;2816;971;42125
"864";2022;2;"91";9;78755;43247;35508;1703;636;33169
"865";2022;2;"52";1;69998;35269;34729;2193;924;31612
"866";2022;2;"04";1;61975;29473;32502;2626;985;28891
"867";2022;2;"86";2;79522;37201;42321;1877;852;39592
"868";2022;2;"91";3;98728;50524;48204;2761;1078;44365
"869";2022;2;"59";5;101589;53573;48016;6052;1570;40394
"870";2022;2;"84";1;73786;41738;32048;2458;804;28786
"871";2022;2;"27";2;79055;40594;38461;2492;764;35205
"872";2022;2;"89";1;75760;38032;37728;3682;1047;32999
"873";2022;2;"41";2;80392;41586;38806;2482;870;35454
"874";2022;2;"75";3;73145;33008;40137;1234;447;38456
"875";2022;2;"25";4;65553;37331;28222;1456;572;26194
"876";2022;2;"38";6;89161;49642;39519;2259;599;36661
"877";2022;2;"69";8;105090;57339;47751;3715;1023;43013
"878";2022;2;"64";1;69016;32791;36225;1871;1013;33341
"879";2022;2;"75";7;80255;33447;46808;1195;439;45174
"880";2022;2;"27";5;89576;47324;42252;2764;669;38819
"881";2022;2;"27";1;86792;47035;39757;2304;761;36692
"882";2022;2;"099";8;131216;112933;18283;1468;68;16747
"883";2022;2;"37";4;92318;47013;45305;2337;1031;41937
"884";2022;2;"33";9;102191;51503;50688;3721;1511;45456
"885";2022;2;"24";2;84297;41662;42635;3502;1681;37452
"886";2022;2;"83";3;104086;54678;49408;2372;808;46228
"887";2022;2;"95";7;69386;39936;29450;1285;497;27668
"888";2022;2;"05";1;59652;29125;30527;2117;1075;27335
"889";2022;2;"975";1;5049;2224;2825;121;65;2639
"890";2022;2;"59";16;83735;48582;35153;2027;707;32419
"891";2022;2;"91";7;73554;40160;33394;1175;563;31656
"892";2022;2;"14";1;72799;33769;39030;1598;640;36792
"893";2022;2;"54";2;67503;34502;33001;1314;474;31213
"894";2022;2;"16";3;90899;45587;45312;3669;1876;39767
"895";2022;2;"33";12;88134;43020;45114;3064;1505;40545
"896";2022;2;"03";2;80971;42075;38896;4699;2105;32092
"897";2022;2;"31";10;103430;44787;58643;3192;1426;54025
"898";2022;2;"29";2;79085;40854;38231;2034;61;36136
"899";2022;2;"63";4;101361;51718;49643;2998;1401;45244
"900";2022;2;"76";1;66683;33260;33423;1367;490;31566
"901";2022;2;"21";3;72561;39646;32915;2388;792;29735
"902";2022;2;"986";1;9580;2064;7516;62;36;7418
"903";2022;2;"62";6;93784;46918;46866;2077;1129;43660
"904";2022;2;"16";1;83763;42981;40782;2012;1086;37684
"905";2022;2;"91";5;68469;29517;38952;1145;451;37356
"906";2022;2;"77";8;95210;54186;41024;1752;630;38642
"907";2022;2;"31";6;115579;55789;59790;3104;1551;55135
"908";2022;2;"45";5;73681;39363;34318;2155;680;31483
"909";2022;2;"62";3;83202;48535;34667;1438;712;32517
"910";2022;2;"64";4;80815;36672;44143;2923;1439;39781
"911";2022;2;"65";1;88025;41684;46341;3377;1756;41208
"912";2022;2;"72";4;80893;44964;35929;5090;1145;29694
"913";2022;2;"78";11;69381;35928;33453;1466;586;31401
"914";2022;2;"61";1;68543;36029;32514;2229;848;29437
"915";2022;2;"68";1;78291;48074;30217;1561;500;28156
"916";2022;2;"2b";2;67924;32834;35090;1150;542;33398
"917";2022;2;"54";6;87300;50972;36328;3363;849;32116
"918";2022;2;"94";7;66273;35562;30711;1152;410;29149
"919";2022;2;"08";1;70966;38944;32022;1814;684;29524
"920";2022;2;"35";4;95818;47030;48788;2261;1143;45384
"921";2022;2;"38";5;106050;52951;53099;2592;917;49590
"922";2022;2;"27";4;92593;48468;44125;3825;1000;39300
"923";2022;2;"88";2;72550;38586;33964;1871;789;31304
"924";2022;2;"59";18;91116;51013;40103;1539;585;37979
"925";2022;2;"34";8;94363;50624;43739;3911;1320;38508
"926";2022;2;"42";2;50936;28835;22101;983;405;20713
"927";2022;2;"34";4;119180;59227;59953;6150;1895;51908
"928";2022;2;"13";1;81458;48574;32884;1969;476;30439
"929";2022;2;"84";5;84399;44540;39859;2514;806;36539
"930";2022;2;"25";3;64514;34752;29762;2010;695;27057
"931";2022;2;"76";9;95673;49753;45920;2916;1008;41996
"932";2022;2;"29";6;91263;41120;50143;2026;1025;47092
"933";2022;2;"73";4;77957;39542;38415;2037;816;35562
"934";2022;2;"987";1;72170;32942;39228;471;383;38374
"935";2022;2;"17";4;94407;48218;46189;2921;1136;42132
"936";2022;2;"72";3;86555;46736;39819;2687;1048;36084
"937";2022;2;"12";2;69154;31447;37707;2290;1390;34027
"938";2022;2;"92";4;80993;42895;38098;1544;239;36315
"939";2022;2;"62";5;90607;51747;38860;2346;1040;35474
"940";2022;2;"76";10;110317;54955;55362;3522;1106;50734
"941";2022;2;"93";12;65423;40954;24469;1182;439;22848
"942";2022;2;"77";4;88843;48884;39959;2426;660;36873
"943";2022;2;"31";7;106500;55044;51456;3437;1816;46203
"944";2022;2;"17";3;84195;43918;40277;3240;1290;35747
"945";2022;2;"67";2;73382;38710;34672;1093;415;33164
"946";2022;2;"974";7;118287;77977;40310;2234;2114;35962
"947";2022;2;"77";7;87857;50921;36936;3513;811;32612
"948";2022;2;"89";2;73480;37805;35675;2271;771;32633
"949";2022;2;"86";1;80591;40833;39758;1984;939;36835
"950";2022;2;"90";2;46507;24390;22117;2735;935;18447
"951";2022;2;"51";3;80056;44654;35402;2143;526;32733
"952";2022;2;"23";1;91036;43094;47942;3438;2220;42284
"953";2022;2;"57";3;75882;43502;32380;4310;843;27227
"954";2022;2;"67";1;62699;31339;31360;809;300;30251
"955";2022;2;"47";1;88689;44602;44087;3360;1236;39491
"956";2022;2;"04";2;66651;32124;34527;2329;1001;31197
"957";2022;2;"35";3;91858;42782;49076;1905;1012;46159
"958";2022;2;"50";4;89416;46921;42495;2040;769;39686
"959";2022;2;"69";2;74047;31883;42164;1289;504;40371
"960";2022;2;"75";18;70689;30795;39894;977;358;38559
"961";2022;2;"59";3;92345;54707;37638;1429;524;35685
"962";2022;2;"17";5;119750;60244;59506;3646;1291;54569
"963";2022;2;"24";1;77823;37874;39949;2671;1859;35419
"964";2022;2;"974";3;96233;62015;34218;2215;2726;29277
"965";2022;2;"88";4;65292;32844;32448;1899;809;29740
"966";2022;2;"54";3;80751;51770;28981;1569;675;26737
"967";2022;2;"94";3;74047;42848;31199;1665;507;29027
"968";2022;2;"13";13;94398;52724;41674;2261;760;38653
"969";2022;2;"87";3;82050;39921;42129;2704;1898;37527
"970";2022;2;"971";3;84339;58807;25532;889;848;23795
"971";2022;2;"38";2;78601;43915;34686;1544;546;32596
"972";2022;2;"26";3;110921;48889;62032;3727;1552;56753
"973";2022;2;"63";1;84198;46788;37410;1744;840;34826
"974";2022;2;"59";13;87014;53037;33977;1822;602;31553
"975";2022;2;"38";10;98834;56583;42251;2882;742;38627
"976";2022;2;"35";1;93501;42819;50682;1953;833;47896
"977";2022;2;"44";6;115404;60449;54955;2803;1339;50813
"978";2022;2;"31";2;105339;50683;54656;2501;1314;50841
"979";2022;2;"68";2;92585;54927;37658;2863;872;33923
"980";2022;2;"30";5;98485;48392;50093;4999;1701;43393
"981";2022;2;"13";8;102850;56801;46049;2364;758;42927
"982";2022;2;"59";14;99422;53339;46083;2134;878;43071
"983";2022;2;"77";5;88370;51496;36874;2521;622;33731
"984";2022;2;"75";14;76071;37486;38585;1206;290;37089
"985";2022;2;"33";10;83290;42467;40823;2961;1096;36766
"986";2022;2;"33";2;72301;34475;37826;1003;393;36430
"987";2022;2;"91";6;83269;41509;41760;1434;570;39756
"988";2022;2;"87";1;84309;41285;43024;2439;1810;38775
"989";2022;2;"22";4;81129;36841;44288;2280;1353;40655
"990";2022;2;"83";1;72280;40984;31296;1615;426;29255
"991";2022;2;"93";5;65244;39723;25521;690;329;24502
"992";2022;2;"14";3;79782;41796;37986;2450;871;34665
"993";2022;2;"37";1;71161;36800;34361;1180;549;32632
"994";2022;2;"93";8;61647;35255;26392;1458;352;24582
"995";2022;2;"57";1;93046;57228;35818;2459;643;32716
"996";2022;2;"38";8;82512;45219;37293;2566;694;34033
"997";2022;2;"71";3;81182;43000;38182;2789;986;34407
"998";2022;2;"76";4;87128;49056;38072;3987;1022;33063
"999";2022;2;"80";3;82597;40012;42585;2257;811;39517
"1000";2022;2;"68";3;87107;50068;37039;1717;528;34794
"1001";2022;2;"92";9;63461;31668;31793;2413;0;29380
"1002";2022;2;"28";3;71323;38830;32493;2034;703;29756
"1003";2022;2;"93";3;75681;42017;33664;1427;572;31665
"1004";2022;2;"099";9;120553;98709;21844;795;62;20987
"1005";2022;2;"75";8;85267;38854;46413;1735;623;44055
"1006";2022;2;"973";2;46589;30912;15677;222;164;15291
"1007";2022;2;"86";3;73004;36692;36312;2930;1063;32319
"1008";2022;2;"31";1;83951;40710;43241;1705;701;40835
"1009";2022;2;"21";5;85691;44903;40788;3039;818;36931
"1010";2022;2;"60";4;93576;50976;42600;2709;882;39009
"1011";2022;2;"77";10;81517;46996;34521;1334;583;32604
"1012";2022;2;"18";2;68858;38421;30437;2891;1000;26546
"1013";2022;2;"58";1;74670;40922;33748;2633;703;30412
"1014";2022;2;"75";10;70239;32105;38134;1236;505;36393
"1015";2022;2;"44";8;90161;47886;42275;1809;807;39659
"1016";2022;2;"59";20;81528;49337;32191;1509;518;30164
"1017";2022;2;"86";4;73885;39824;34061;2160;865;31036
"1018";2022;2;"62";2;87622;44772;42850;2901;1633;38316
"1019";2022;2;"92";11;70797;33531;37266;1060;442;35764
"1020";2022;2;"69";3;72457;32322;40135;1152;462;38521
"1021";2022;2;"02";3;66718;36693;30025;1137;467;28421
"1022";2022;2;"18";3;84503;43839;40664;2667;795;37202
"1023";2022;2;"68";4;104018;61043;42975;2017;523;40435
"1024";2022;2;"16";2;83709;43745;39964;2623;1149;36192
"1025";2022;2;"13";11;92291;51339;40952;2573;776;37603
"1026";2022;2;"41";3;81928;40045;41883;2691;871;38321
"1027";2022;2;"91";10;61842;36072;25770;1114;526;24130
"1028";2022;2;"09";1;57471;27001;30470;2405;1402;26663
"1029";2022;2;"68";6;94500;58483;36017;1992;391;33634
"1030";2022;2;"51";4;77098;43398;33700;1848;596;31256
"1031";2022;2;"55";1;75640;39269;36371;1480;547;34344
"1032";2022;2;"75";4;72986;36764;36222;1377;297;34548
"1033";2022;2;"24";4;89793;40758;49035;3231;2126;43678
"1034";2022;2;"03";1;89357;45731;43626;2809;1489;39328
"1035";2022;2;"93";10;69264;42633;26631;756;253;25622
"1036";2022;2;"69";6;89588;50805;38783;1526;532;36725
"1037";2022;2;"44";3;96753;49460;47293;2169;535;44589
"1038";2022;2;"95";10;67953;39943;28010;1363;398;26249
"1039";2022;2;"44";2;91423;41086;50337;1664;551;48122
"1040";2022;2;"76";5;95185;49929;45256;3391;880;40985
"1041";2022;2;"62";8;92206;48333;43873;1931;1093;40849
"1042";2022;2;"62";7;94080;55621;38459;1570;827;36062
"1043";2022;2;"59";11;94445;52275;42170;1826;991;39353
"1044";2022;2;"71";4;83089;45091;37998;2623;882;34493
"1045";2022;2;"62";4;89977;45178;44799;2289;1116;41394
"1046";2022;2;"78";8;74523;44355;30168;1461;612;28095
"1047";2022;2;"95";9;70504;44023;26481;2034;638;23809
"1048";2022;2;"13";5;73610;40896;32714;1588;591;30535
"1049";2022;2;"67";8;94522;54954;39568;1297;533;37738
"1050";2022;2;"69";14;75892;49734;26158;1201;619;24338
"1051";2022;2;"59";21;81073;48973;32100;1485;507;30108
"1052";2022;2;"38";3;60402;32384;28018;986;368;26664
"1053";2022;2;"2a";2;61834;34461;27373;1043;732;25598
"1054";2022;2;"76";6;109827;56097;53730;4364;1275;48091
"1055";2022;2;"78";9;92996;51978;41018;3157;780;37081
"1056";2022;2;"79";2;98305;51462;46843;2281;1347;43215
"1057";2022;2;"13";6;78511;47583;30928;1716;456;28756
"1058";2022;2;"67";6;97620;55041;42579;2100;614;39865
"1059";2022;2;"35";8;90997;40157;50840;1492;598;48750
"1060";2022;2;"59";2;86855;47223;39632;1424;725;37483
"1061";2022;2;"44";4;93281;45376;47905;1652;737;45516
"1062";2022;2;"75";5;79355;35104;44251;1044;390;42817
"1063";2022;2;"75";9;70816;33121;37695;1507;640;35548
"1064";2022;2;"38";4;91894;47868;44026;1945;715;41366
"1065";2022;2;"02";2;73189;41347;31842;1332;489;30021
"1066";2022;2;"36";2;88363;45159;43204;3191;1333;38680
"1067";2022;2;"82";1;93022;45622;47400;2779;1173;43448
"1068";2022;2;"60";1;83131;45554;37577;1810;662;35105
"1069";2022;2;"75";15;79108;41201;37907;1643;510;35754
"1070";2022;2;"31";9;80654;40853;39801;1755;899;37147
"1071";2022;2;"971";2;87777;59511;28266;770;1097;26399
"1072";2022;2;"972";3;60512;46088;14424;670;452;13302
"1073";2022;2;"987";2;67260;32601;34659;349;386;33924
"1074";2022;2;"37";5;87118;45613;41505;3248;916;37341
"1075";2022;2;"57";5;72438;43251;29187;1059;367;27761
"1076";2022;2;"31";4;68593;34077;34516;1143;525;32848
"1077";2022;2;"33";3;89496;46610;42886;1613;666;40607
"1078";2022;2;"10";2;75273;40144;35129;1523;450;33156
"1079";2022;2;"72";5;87884;48410;39474;3255;641;35578
"1080";2022;2;"38";7;96144;52393;43751;3121;897;39733
"1081";2022;2;"33";4;98473;57003;41470;2129;1039;38302
"1082";2022;2;"60";5;73335;40467;32868;1576;463;30829
"1083";2022;2;"67";9;95510;56477;39033;1514;543;36976
"1084";2022;2;"91";1;73488;45705;27783;1378;548;25857
"1085";2022;2;"14";2;68628;35094;33534;1190;665;31679
"1086";2022;2;"40";3;99511;46543;52968;2951;1630;48387
"1087";2022;2;"59";8;68616;46348;22268;899;372;20997
"1088";2022;2;"33";8;119823;62431;57392;3699;1286;52407
"1089";2022;2;"07";1;79312;40097;39215;2390;936;35889
"1090";2022;2;"28";4;67237;35810;31427;1539;515;29373
"1091";2022;2;"31";8;86162;41819;44343;2829;1456;40058
"1092";2022;2;"67";5;106193;61193;45000;2371;719;41910
"1093";2022;2;"21";4;68400;33383;35017;2472;754;31791
"1094";2022;2;"974";1;85938;58634;27304;1564;1224;24516
"1095";2022;2;"61";2;66067;33966;32101;1811;493;29797
"1096";2022;2;"85";5;84119;44148;39971;2497;887;36587
"1097";2022;2;"80";1;84051;46400;37651;4034;1276;32341
"1098";2022;2;"987";3;66921;30372;36549;399;376;35774
"1099";2022;2;"974";4;108941;60812;48129;1395;1839;44895
"1100";2022;2;"87";2;98185;46695;51490;5192;2811;43487
"1101";2022;2;"85";3;135259;71334;63925;3674;1462;58789
"1102";2022;2;"90";1;47739;26086;21653;1513;603;19537
"1103";2022;2;"95";8;54531;35353;19178;603;296;18279
"1104";2022;2;"54";4;97544;54721;42823;2005;691;40127
"1105";2022;2;"28";2;75046;44205;30841;1516;514;28811
"1106";2022;2;"972";1;80030;60645;19385;748;626;18011
"1107";2022;2;"32";2;73848;34983;38865;2382;1228;35255
"1108";2022;2;"2b";1;61510;37895;23615;1142;694;21779
"1109";2022;2;"51";5;75997;40776;35221;1042;348;33831
"1110";2022;2;"06";9;81481;47553;33928;1826;456;31646
"1111";2022;2;"72";2;83278;47316;35962;3039;572;32351
"1112";2022;2;"74";6;81409;47867;33542;2219;587;30736
"1113";2022;2;"54";5;78482;42325;36157;1239;409;34509
"1114";2022;2;"53";1;73690;39704;33986;1359;710;31917
"1115";2022;2;"94";11;64990;35119;29871;1149;332;28390
"1116";2022;2;"34";2;65431;36984;28447;1149;443;26855
"1117";2022;2;"972";2;80053;58543;21510;787;611;20112
"1118";2022;2;"95";5;69293;43421;25872;905;409;24558
"1119";2022;2;"63";2;90091;44608;45483;2392;1401;41690
"1120";2022;2;"67";7;85756;50064;35692;1405;434;33853
"1121";2022;2;"94";2;66114;38982;27132;999;397;25736
"1122";2022;2;"77";11;66546;40793;25753;1484;294;23975
"1123";2022;2;"13";7;67134;47738;19396;671;234;18491
"1124";2022;2;"59";1;64243;36057;28186;1037;437;26712
"1125";2022;2;"76";8;65792;41312;24480;1410;81;22989
"1126";2022;2;"977";1;24567;18533;6034;122;78;5834
"1127";2022;2;"88";1;76780;42864;33916;1508;507;31901
"1128";2022;2;"94";9;54172;32476;21696;792;426;20478
"1129";2022;2;"94";10;67134;38021;29113;973;432;27708
"1130";2022;2;"08";3;55162;30999;24163;816;357;22990
"1131";2022;2;"93";9;73747;42932;30815;1047;473;29295
"1132";2022;2;"57";4;80993;46555;34438;1407;338;32693
"1133";2022;2;"08";2;60754;36321;24433;1001;406;23026
"1134";2022;2;"974";2;98988;70114;28874;1205;1492;26177
"1135";2022;2;"63";5;104443;55101;49342;3328;1415;44599
"1136";2022;2;"61";3;71129;37419;33710;2135;561;31014
"1137";2022;2;"92";1;65841;40522;25319;1002;183;24134
"1138";2022;2;"76";3;70128;40669;29459;2110;535;26814
"1139";2022;2;"972";4;83960;60986;22974;820;676;21478
"1140";2022;2;"93";1;67264;41824;25440;750;339;24351
"1141";2022;2;"56";4;111738;57742;53996;1927;760;51309
"1142";2022;2;"13";4;64943;40532;24411;882;371;23158
"1143";2022;2;"971";1;75973;52948;23025;799;1124;21102
"1144";2022;2;"88";3;63943;34223;29720;1021;376;28323
"1145";2022;2;"93";6;58109;35796;22313;707;324;21282
"1146";2022;2;"93";2;55152;37614;17538;549;242;16747
"1147";2022;2;"93";4;65132;48841;16291;3155;304;12832
"1148";2022;2;"93";11;63427;48900;14527;2691;540;11296
"1149";2022;2;"971";4;68265;55764;12501;1384;484;10633
